Advisor ID,Field Changed,Date Changed,Old Value,New Value
SalA001,Email Address,2024-07-28,coreyharrell@norris-brown.org,coreyharrell@norris-brown.com
SalA001,Firm Name,2024-12-27,Montgomery-Zimmerman Ltd,Norris-Brown
SalA001,Lead AM,2024-09-17,Sales AM 2,Sales AM 1
SalA002,Email Address,2024-09-25,williejohnson@montgomery-zimmerman.org,williejohnson@montgomery-zimmerman.com
SalA002,Firm Name,2024-07-30,Montgomery-Zimmerman Ltd,Montgomery-Zimmerman
SalA002,Lead AM,2024-08-10,Sales AM 2,Sales AM 1
SalA003,Email Address,2024-10-20,cheryl98@davisinc.org,cheryl98@davisinc.com
SalA003,Firm Name,2024-12-20,Davis Inc Ltd,Davis Inc
SalA003,Lead AM,2024-06-01,Sales AM 2,Sales AM 1
SalA004,Email Address,2024-11-24,elizabethshaffer@warrengroup.org,elizabethshaffer@warrengroup.com
SalA004,Firm Name,2024-11-12,Warren Corp,Warren Group
SalA004,Lead AM,2024-12-10,Sales AM 2,Sales AM 1
SalA005,Email Address,2024-10-13,rhurst@larsongroup.org,rhurst@larsongroup.com
SalA005,Firm Name,2024-08-30,Larson Corp,Larson Group
SalA005,Lead AM,2024-10-12,Sales AM 2,Sales AM 1
SalA006,Email Address,2024-11-22,"johnsonmisty@chambers,pageandwhitaker.org","johnsonmisty@chambers,pageandwhitaker.com"
SalA006,Firm Name,2024-08-23,"Chambers, Page and Whitaker Ltd","Chambers, Page and Whitaker"
SalA006,Lead AM,2024-11-16,Sales AM 2,Sales AM 1
SalA007,Email Address,2024-07-18,camachodon@jackson-charles.org,camachodon@jackson-charles.com
SalA007,Firm Name,2024-10-14,Jackson-Charles Ltd,Jackson-Charles
SalA007,Lead AM,2024-12-19,Sales AM 2,Sales AM 1
SalA008,Email Address,2024-11-08,rogersjennifer@bakerplc.org,rogersjennifer@bakerplc.com
SalA008,Firm Name,2024-09-17,Baker PLC Ltd,Baker PLC
SalA008,Lead AM,2024-06-18,Sales AM 2,Sales AM 1
SalA009,Email Address,2024-11-05,"michaelyoung@lee,shawandhall.org","michaelyoung@lee,shawandhall.com"
SalA009,Firm Name,2024-10-25,"Lee, Shaw and Hall Ltd","Lee, Shaw and Hall"
SalA009,Lead AM,2024-10-02,Sales AM 2,Sales AM 1
SalA010,Email Address,2024-08-19,ksummers@larsonltd.org,ksummers@larsonltd.com
SalA010,Firm Name,2024-06-23,Larson Ltd Ltd,Larson Ltd
SalA010,Lead AM,2024-11-03,Sales AM 2,Sales AM 1
SalA011,Email Address,2024-08-15,theresawang@browngroup.org,theresawang@browngroup.com
SalA011,Firm Name,2024-11-21,Brown Corp,Brown Group
SalA011,Lead AM,2024-07-10,Sales AM 2,Sales AM 1
SalA012,Email Address,2024-07-19,"dawnsmith@james,reyesandrhodes.org","dawnsmith@james,reyesandrhodes.com"
SalA012,Firm Name,2024-11-30,"James, Reyes and Rhodes Ltd","James, Reyes and Rhodes"
SalA012,Lead AM,2024-06-20,Sales AM 2,Sales AM 1
SalA013,Email Address,2024-12-20,rebecca81@mayplc.org,rebecca81@mayplc.com
SalA013,Firm Name,2024-11-30,May PLC Ltd,May PLC
SalA013,Lead AM,2024-11-24,Sales AM 2,Sales AM 1
SalA014,Email Address,2024-09-06,brianschultz@vaughninc.org,brianschultz@vaughninc.com
SalA014,Firm Name,2024-09-19,Vaughn Inc Ltd,Vaughn Inc
SalA014,Lead AM,2024-10-04,Sales AM 2,Sales AM 1
SalA015,Email Address,2024-11-20,"tinaterry@shaw,baileyandsmith.org","tinaterry@shaw,baileyandsmith.com"
SalA015,Firm Name,2024-07-22,"Shaw, Bailey and Smith Ltd","Shaw, Bailey and Smith"
SalA015,Lead AM,2024-09-11,Sales AM 2,Sales AM 1
SalA016,Email Address,2024-09-07,brooksjose@gonzalez-holland.org,brooksjose@gonzalez-holland.com
SalA016,Firm Name,2024-10-19,Gonzalez-Holland Ltd,Gonzalez-Holland
SalA016,Lead AM,2024-12-01,Sales AM 2,Sales AM 1
SalA017,Email Address,2024-11-28,mcdonaldashley@rayltd.org,mcdonaldashley@rayltd.com
SalA017,Firm Name,2024-08-16,Ray Ltd Ltd,Ray Ltd
SalA017,Lead AM,2024-09-04,Sales AM 2,Sales AM 1
SalA018,Email Address,2024-09-29,victoria57@parker-cox.org,victoria57@parker-cox.com
SalA018,Firm Name,2024-06-16,Parker-Cox Ltd,Parker-Cox
SalA018,Lead AM,2024-08-31,Sales AM 2,Sales AM 1
SalA019,Email Address,2024-08-09,jacksonjaime@powellinc.org,jacksonjaime@powellinc.com
SalA019,Firm Name,2024-11-14,Powell Inc Ltd,Powell Inc
SalA019,Lead AM,2024-10-09,Sales AM 2,Sales AM 1
SalA020,Email Address,2024-10-22,"walter26@farrell,ericksonandfrost.org","walter26@farrell,ericksonandfrost.com"
SalA020,Firm Name,2024-08-26,"Farrell, Erickson and Frost Ltd","Farrell, Erickson and Frost"
SalA020,Lead AM,2024-12-12,Sales AM 2,Sales AM 1
SalA021,Email Address,2024-11-25,travis03@johnson-sosa.org,travis03@johnson-sosa.com
SalA021,Firm Name,2024-06-08,Johnson-Sosa Ltd,Johnson-Sosa
SalA021,Lead AM,2024-12-05,Sales AM 2,Sales AM 1
SalA022,Email Address,2024-09-03,maciasoscar@lee-lyons.org,maciasoscar@lee-lyons.com
SalA022,Firm Name,2024-06-24,Lee-Lyons Ltd,Lee-Lyons
SalA022,Lead AM,2024-10-30,Sales AM 2,Sales AM 1
SalA023,Email Address,2024-12-25,"brandontran@parsons,carlsonandyork.org","brandontran@parsons,carlsonandyork.com"
SalA023,Firm Name,2024-12-20,"Parsons, Carlson and York Ltd","Parsons, Carlson and York"
SalA023,Lead AM,2024-08-14,Sales AM 2,Sales AM 1
SalA024,Email Address,2024-07-04,"colemandaniel@benjamin,lyonsandsimon.org","colemandaniel@benjamin,lyonsandsimon.com"
SalA024,Firm Name,2024-08-05,"Benjamin, Lyons and Simon Ltd","Benjamin, Lyons and Simon"
SalA024,Lead AM,2024-09-10,Sales AM 2,Sales AM 1
SalA025,Email Address,2024-07-21,millersarah@brown-rodriguez.org,millersarah@brown-rodriguez.com
SalA025,Firm Name,2024-11-25,Brown-Rodriguez Ltd,Brown-Rodriguez
SalA025,Lead AM,2024-07-30,Sales AM 2,Sales AM 1
SalA026,Email Address,2024-08-13,ruth02@armstrongplc.org,ruth02@armstrongplc.com
SalA026,Firm Name,2024-10-16,Armstrong PLC Ltd,Armstrong PLC
SalA026,Lead AM,2024-10-12,Sales AM 2,Sales AM 1
SalA027,Email Address,2024-06-27,dconner@graves-chapman.org,dconner@graves-chapman.com
SalA027,Firm Name,2024-10-05,Graves-Chapman Ltd,Graves-Chapman
SalA027,Lead AM,2024-09-06,Sales AM 2,Sales AM 1
SalA028,Email Address,2024-09-18,shannon61@becker-phillips.org,shannon61@becker-phillips.com
SalA028,Firm Name,2024-09-08,Becker-Phillips Ltd,Becker-Phillips
SalA028,Lead AM,2024-10-16,Sales AM 2,Sales AM 1
SalA029,Email Address,2024-06-16,josephdavila@jackson-pope.org,josephdavila@jackson-pope.com
SalA029,Firm Name,2024-12-30,Jackson-Pope Ltd,Jackson-Pope
SalA029,Lead AM,2024-10-04,Sales AM 2,Sales AM 1
SalA030,Email Address,2024-07-30,"sandy78@miller,diazandcontreras.org","sandy78@miller,diazandcontreras.com"
SalA030,Firm Name,2024-08-30,"Miller, Diaz and Contreras Ltd","Miller, Diaz and Contreras"
SalA030,Lead AM,2024-12-19,Sales AM 2,Sales AM 1
SalA031,Email Address,2024-11-05,"peter01@atkinson,wrightandbrown.org","peter01@atkinson,wrightandbrown.com"
SalA031,Firm Name,2024-08-22,"Atkinson, Wright and Brown Ltd","Atkinson, Wright and Brown"
SalA031,Lead AM,2024-12-27,Sales AM 2,Sales AM 1
SalA032,Email Address,2024-10-11,"eanderson@harrington,banksandhill.org","eanderson@harrington,banksandhill.com"
SalA032,Firm Name,2024-10-26,"Harrington, Banks and Hill Ltd","Harrington, Banks and Hill"
SalA032,Lead AM,2024-07-01,Sales AM 2,Sales AM 1
SalA033,Email Address,2024-11-26,sburnett@larsonandsons.org,sburnett@larsonandsons.com
SalA033,Firm Name,2024-07-26,Larson and Sons Ltd,Larson and Sons
SalA033,Lead AM,2024-06-23,Sales AM 2,Sales AM 1
SalA034,Email Address,2024-07-16,michael64@brown-watson.org,michael64@brown-watson.com
SalA034,Firm Name,2024-08-30,Brown-Watson Ltd,Brown-Watson
SalA034,Lead AM,2024-10-06,Sales AM 2,Sales AM 1
SalA035,Email Address,2024-12-30,evanslindsay@wardplc.org,evanslindsay@wardplc.com
SalA035,Firm Name,2024-06-20,Ward PLC Ltd,Ward PLC
SalA035,Lead AM,2024-06-13,Sales AM 2,Sales AM 1
SalA036,Email Address,2024-07-02,mathismisty@carsonandsons.org,mathismisty@carsonandsons.com
SalA036,Firm Name,2024-09-05,Carson and Sons Ltd,Carson and Sons
SalA036,Lead AM,2024-11-25,Sales AM 2,Sales AM 1
SalA037,Email Address,2024-09-16,"wilkersongregory@smith,smithandgriffin.org","wilkersongregory@smith,smithandgriffin.com"
SalA037,Firm Name,2024-06-07,"Smith, Smith and Griffin Ltd","Smith, Smith and Griffin"
SalA037,Lead AM,2024-08-29,Sales AM 2,Sales AM 1
SalA038,Email Address,2024-08-24,bakerian@adams-wagner.org,bakerian@adams-wagner.com
SalA038,Firm Name,2024-10-14,Adams-Wagner Ltd,Adams-Wagner
SalA038,Lead AM,2024-12-05,Sales AM 2,Sales AM 1
SalA039,Email Address,2024-06-28,banderson@jordanltd.org,banderson@jordanltd.com
SalA039,Firm Name,2024-10-29,Jordan Ltd Ltd,Jordan Ltd
SalA039,Lead AM,2024-07-01,Sales AM 2,Sales AM 1
SalA040,Email Address,2024-10-29,robert77@williams-cummings.org,robert77@williams-cummings.com
SalA040,Firm Name,2024-10-20,Williams-Cummings Ltd,Williams-Cummings
SalA040,Lead AM,2024-12-08,Sales AM 2,Sales AM 1
SalA041,Email Address,2024-08-12,michellewilliams@hodge-schmidt.org,michellewilliams@hodge-schmidt.com
SalA041,Firm Name,2024-10-01,Hodge-Schmidt Ltd,Hodge-Schmidt
SalA041,Lead AM,2024-09-18,Sales AM 2,Sales AM 1
SalA042,Email Address,2024-06-25,ebonybentley@adamsplc.org,ebonybentley@adamsplc.com
SalA042,Firm Name,2024-09-17,Adams PLC Ltd,Adams PLC
SalA042,Lead AM,2024-07-07,Sales AM 2,Sales AM 1
SalA043,Email Address,2024-09-24,deanmckenzie@simpsonplc.org,deanmckenzie@simpsonplc.com
SalA043,Firm Name,2024-08-13,Simpson PLC Ltd,Simpson PLC
SalA043,Lead AM,2024-07-09,Sales AM 2,Sales AM 1
SalA044,Email Address,2024-07-11,afowler@nixongroup.org,afowler@nixongroup.com
SalA044,Firm Name,2024-07-29,Nixon Corp,Nixon Group
SalA044,Lead AM,2024-07-16,Sales AM 2,Sales AM 1
SalA045,Email Address,2024-11-22,david71@harding-lee.org,david71@harding-lee.com
SalA045,Firm Name,2024-10-25,Harding-Lee Ltd,Harding-Lee
SalA045,Lead AM,2024-11-05,Sales AM 2,Sales AM 1
SalA046,Email Address,2024-12-19,wdelacruz@hillandsons.org,wdelacruz@hillandsons.com
SalA046,Firm Name,2024-08-30,Hill and Sons Ltd,Hill and Sons
SalA046,Lead AM,2024-06-05,Sales AM 2,Sales AM 1
SalA047,Email Address,2024-12-23,"greeramy@garcia,hayesandbaker.org","greeramy@garcia,hayesandbaker.com"
SalA047,Firm Name,2024-12-19,"Garcia, Hayes and Baker Ltd","Garcia, Hayes and Baker"
SalA047,Lead AM,2024-08-02,Sales AM 2,Sales AM 1
SalA048,Email Address,2024-07-12,lawrencelittle@ellisltd.org,lawrencelittle@ellisltd.com
SalA048,Firm Name,2024-08-05,Ellis Ltd Ltd,Ellis Ltd
SalA048,Lead AM,2024-09-14,Sales AM 2,Sales AM 1
SalA049,Email Address,2024-06-15,stephenvazquez@smithinc.org,stephenvazquez@smithinc.com
SalA049,Firm Name,2024-12-08,Smith Inc Ltd,Smith Inc
SalA049,Lead AM,2024-06-24,Sales AM 2,Sales AM 1
SalA050,Email Address,2024-09-30,kenneth60@clark-cox.org,kenneth60@clark-cox.com
SalA050,Firm Name,2024-07-16,Clark-Cox Ltd,Clark-Cox
SalA050,Lead AM,2024-09-01,Sales AM 2,Sales AM 1
SalA051,Email Address,2024-07-03,john54@crawfordgroup.org,john54@crawfordgroup.com
SalA051,Firm Name,2024-08-05,Crawford Corp,Crawford Group
SalA051,Lead AM,2024-10-19,Sales AM 2,Sales AM 1
SalA052,Email Address,2024-08-27,sfletcher@evans-mullins.org,sfletcher@evans-mullins.com
SalA052,Firm Name,2024-08-17,Evans-Mullins Ltd,Evans-Mullins
SalA052,Lead AM,2024-10-12,Sales AM 2,Sales AM 1
SalA053,Email Address,2024-07-18,omunoz@curtisltd.org,omunoz@curtisltd.com
SalA053,Firm Name,2024-08-19,Curtis Ltd Ltd,Curtis Ltd
SalA053,Lead AM,2024-09-30,Sales AM 2,Sales AM 1
SalA054,Email Address,2024-10-07,"adamsmarie@hopkins,porterandjimenez.org","adamsmarie@hopkins,porterandjimenez.com"
SalA054,Firm Name,2024-09-14,"Hopkins, Porter and Jimenez Ltd","Hopkins, Porter and Jimenez"
SalA054,Lead AM,2024-08-12,Sales AM 2,Sales AM 1
SalA055,Email Address,2024-12-01,cooperthomas@king-peterson.org,cooperthomas@king-peterson.com
SalA055,Firm Name,2024-10-21,King-Peterson Ltd,King-Peterson
SalA055,Lead AM,2024-07-22,Sales AM 2,Sales AM 1
SalA056,Email Address,2024-10-15,tammy97@reyesandsons.org,tammy97@reyesandsons.com
SalA056,Firm Name,2024-10-05,Reyes and Sons Ltd,Reyes and Sons
SalA056,Lead AM,2024-12-28,Sales AM 2,Sales AM 1
SalA057,Email Address,2024-07-31,joneskaren@rodriguezltd.org,joneskaren@rodriguezltd.com
SalA057,Firm Name,2024-08-15,Rodriguez Ltd Ltd,Rodriguez Ltd
SalA057,Lead AM,2024-12-19,Sales AM 2,Sales AM 1
SalA058,Email Address,2024-10-21,"russelllinda@carlson,allenandjackson.org","russelllinda@carlson,allenandjackson.com"
SalA058,Firm Name,2024-12-09,"Carlson, Allen and Jackson Ltd","Carlson, Allen and Jackson"
SalA058,Lead AM,2024-11-29,Sales AM 2,Sales AM 1
SalA059,Email Address,2024-07-26,marcusmay@deanllc.org,marcusmay@deanllc.com
SalA059,Firm Name,2024-10-08,Dean LLC Ltd,Dean LLC
SalA059,Lead AM,2024-09-11,Sales AM 2,Sales AM 1
SalA060,Email Address,2024-09-14,"meganvaldez@evans,howellandyoung.org","meganvaldez@evans,howellandyoung.com"
SalA060,Firm Name,2024-08-07,"Evans, Howell and Young Ltd","Evans, Howell and Young"
SalA060,Lead AM,2024-08-21,Sales AM 2,Sales AM 1
SalA061,Email Address,2024-09-15,vgordon@bennett-sullivan.org,vgordon@bennett-sullivan.com
SalA061,Firm Name,2024-12-07,Bennett-Sullivan Ltd,Bennett-Sullivan
SalA061,Lead AM,2024-12-18,Sales AM 2,Sales AM 1
SalA062,Email Address,2024-09-02,christopher73@lyonsgroup.org,christopher73@lyonsgroup.com
SalA062,Firm Name,2024-06-28,Lyons Corp,Lyons Group
SalA062,Lead AM,2024-12-04,Sales AM 2,Sales AM 1
SalA063,Email Address,2024-11-18,"kaitlynblankenship@black,wellsandwalker.org","kaitlynblankenship@black,wellsandwalker.com"
SalA063,Firm Name,2024-08-14,"Black, Wells and Walker Ltd","Black, Wells and Walker"
SalA063,Lead AM,2024-12-20,Sales AM 2,Sales AM 1
SalA064,Email Address,2024-08-14,bhines@leeinc.org,bhines@leeinc.com
SalA064,Firm Name,2024-12-25,Lee Inc Ltd,Lee Inc
SalA064,Lead AM,2024-10-06,Sales AM 2,Sales AM 1
SalA065,Email Address,2024-08-05,rflores@mccann-johnson.org,rflores@mccann-johnson.com
SalA065,Firm Name,2024-11-01,Mccann-Johnson Ltd,Mccann-Johnson
SalA065,Lead AM,2024-06-25,Sales AM 2,Sales AM 1
SalA066,Email Address,2024-06-21,"jody98@webb,powellandtucker.org","jody98@webb,powellandtucker.com"
SalA066,Firm Name,2024-07-21,"Webb, Powell and Tucker Ltd","Webb, Powell and Tucker"
SalA066,Lead AM,2024-07-22,Sales AM 2,Sales AM 1
SalA067,Email Address,2024-12-01,"mary27@carney,spencerandsantos.org","mary27@carney,spencerandsantos.com"
SalA067,Firm Name,2024-08-23,"Carney, Spencer and Santos Ltd","Carney, Spencer and Santos"
SalA067,Lead AM,2024-11-06,Sales AM 2,Sales AM 1
SalA068,Email Address,2024-11-21,"williamshelton@gibson,welchandtaylor.org","williamshelton@gibson,welchandtaylor.com"
SalA068,Firm Name,2024-09-28,"Gibson, Welch and Taylor Ltd","Gibson, Welch and Taylor"
SalA068,Lead AM,2024-09-13,Sales AM 2,Sales AM 1
SalA069,Email Address,2024-09-10,qwall@hanna-sloan.org,qwall@hanna-sloan.com
SalA069,Firm Name,2024-10-30,Hanna-Sloan Ltd,Hanna-Sloan
SalA069,Lead AM,2024-07-30,Sales AM 2,Sales AM 1
SalA070,Email Address,2024-07-30,kayla73@mooreandsons.org,kayla73@mooreandsons.com
SalA070,Firm Name,2024-08-01,Moore and Sons Ltd,Moore and Sons
SalA070,Lead AM,2024-07-08,Sales AM 2,Sales AM 1
SalA071,Email Address,2024-09-30,morrispamela@lee-anderson.org,morrispamela@lee-anderson.com
SalA071,Firm Name,2024-12-31,Lee-Anderson Ltd,Lee-Anderson
SalA071,Lead AM,2024-07-13,Sales AM 2,Sales AM 1
SalA072,Email Address,2024-08-23,fvega@williams-fleming.org,fvega@williams-fleming.com
SalA072,Firm Name,2024-08-06,Williams-Fleming Ltd,Williams-Fleming
SalA072,Lead AM,2024-07-08,Sales AM 2,Sales AM 1
SalA073,Email Address,2024-10-24,"kevin02@hood,harrisonandblackwell.org","kevin02@hood,harrisonandblackwell.com"
SalA073,Firm Name,2024-11-02,"Hood, Harrison and Blackwell Ltd","Hood, Harrison and Blackwell"
SalA073,Lead AM,2024-09-03,Sales AM 2,Sales AM 1
SalA074,Email Address,2024-11-22,"scarr@sullivan,khanandjacobs.org","scarr@sullivan,khanandjacobs.com"
SalA074,Firm Name,2024-07-14,"Sullivan, Khan and Jacobs Ltd","Sullivan, Khan and Jacobs"
SalA074,Lead AM,2024-12-31,Sales AM 2,Sales AM 1
SalA075,Email Address,2024-10-09,moorekevin@walsh-pruitt.org,moorekevin@walsh-pruitt.com
SalA075,Firm Name,2024-12-13,Walsh-Pruitt Ltd,Walsh-Pruitt
SalA075,Lead AM,2024-12-22,Sales AM 2,Sales AM 1
SalA076,Email Address,2024-09-30,fbrown@keith-sims.org,fbrown@keith-sims.com
SalA076,Firm Name,2024-09-08,Keith-Sims Ltd,Keith-Sims
SalA076,Lead AM,2024-08-28,Sales AM 2,Sales AM 1
SalA077,Email Address,2024-11-26,michaelbriggs@rogersgroup.org,michaelbriggs@rogersgroup.com
SalA077,Firm Name,2024-12-13,Rogers Corp,Rogers Group
SalA077,Lead AM,2024-11-22,Sales AM 2,Sales AM 1
SalA078,Email Address,2024-09-23,ysingh@morrisinc.org,ysingh@morrisinc.com
SalA078,Firm Name,2024-06-29,Morris Inc Ltd,Morris Inc
SalA078,Lead AM,2024-06-06,Sales AM 2,Sales AM 1
SalA079,Email Address,2024-07-31,erikathompson@hopkins-burgess.org,erikathompson@hopkins-burgess.com
SalA079,Firm Name,2024-10-17,Hopkins-Burgess Ltd,Hopkins-Burgess
SalA079,Lead AM,2024-07-01,Sales AM 2,Sales AM 1
SalA080,Email Address,2024-09-18,"hhatfield@hill,batesandkelly.org","hhatfield@hill,batesandkelly.com"
SalA080,Firm Name,2024-12-07,"Hill, Bates and Kelly Ltd","Hill, Bates and Kelly"
SalA080,Lead AM,2024-08-21,Sales AM 2,Sales AM 1
SalA081,Email Address,2024-09-22,caseydavid@martinllc.org,caseydavid@martinllc.com
SalA081,Firm Name,2024-06-30,Martin LLC Ltd,Martin LLC
SalA081,Lead AM,2024-08-12,Sales AM 2,Sales AM 1
SalA082,Email Address,2024-08-22,"austin15@riggs,smithandjones.org","austin15@riggs,smithandjones.com"
SalA082,Firm Name,2024-06-21,"Riggs, Smith and Jones Ltd","Riggs, Smith and Jones"
SalA082,Lead AM,2024-08-20,Sales AM 2,Sales AM 1
SalA083,Email Address,2024-10-25,"penningtontristan@nguyen,clarkandwilliams.org","penningtontristan@nguyen,clarkandwilliams.com"
SalA083,Firm Name,2024-10-18,"Nguyen, Clark and Williams Ltd","Nguyen, Clark and Williams"
SalA083,Lead AM,2024-08-26,Sales AM 2,Sales AM 1
SalA084,Email Address,2024-08-24,"kimberly72@scott,grimesandsoto.org","kimberly72@scott,grimesandsoto.com"
SalA084,Firm Name,2024-10-10,"Scott, Grimes and Soto Ltd","Scott, Grimes and Soto"
SalA084,Lead AM,2024-12-11,Sales AM 2,Sales AM 1
SalA085,Email Address,2024-08-29,amanda01@williams-austin.org,amanda01@williams-austin.com
SalA085,Firm Name,2024-11-26,Williams-Austin Ltd,Williams-Austin
SalA085,Lead AM,2024-11-11,Sales AM 2,Sales AM 1
SalA086,Email Address,2024-12-10,xjones@martinezplc.org,xjones@martinezplc.com
SalA086,Firm Name,2024-07-22,Martinez PLC Ltd,Martinez PLC
SalA086,Lead AM,2024-06-07,Sales AM 2,Sales AM 1
SalA087,Email Address,2024-08-06,nguyenjames@gould-brown.org,nguyenjames@gould-brown.com
SalA087,Firm Name,2024-12-20,Gould-Brown Ltd,Gould-Brown
SalA087,Lead AM,2024-06-18,Sales AM 2,Sales AM 1
SalA088,Email Address,2024-11-07,"cameronthomas@richmond,owensandromero.org","cameronthomas@richmond,owensandromero.com"
SalA088,Firm Name,2024-10-09,"Richmond, Owens and Romero Ltd","Richmond, Owens and Romero"
SalA088,Lead AM,2024-09-21,Sales AM 2,Sales AM 1
SalA089,Email Address,2024-09-06,osmith@hendersoninc.org,osmith@hendersoninc.com
SalA089,Firm Name,2024-07-25,Henderson Inc Ltd,Henderson Inc
SalA089,Lead AM,2024-06-23,Sales AM 2,Sales AM 1
SalA090,Email Address,2024-11-19,jcook@savage-calhoun.org,jcook@savage-calhoun.com
SalA090,Firm Name,2024-07-15,Savage-Calhoun Ltd,Savage-Calhoun
SalA090,Lead AM,2024-10-07,Sales AM 2,Sales AM 1
SalA091,Email Address,2024-11-07,zchapman@brown-richardson.org,zchapman@brown-richardson.com
SalA091,Firm Name,2024-08-10,Brown-Richardson Ltd,Brown-Richardson
SalA091,Lead AM,2024-12-31,Sales AM 2,Sales AM 1
SalA092,Email Address,2024-11-05,"stewartamanda@bullock,burnsandstevens.org","stewartamanda@bullock,burnsandstevens.com"
SalA092,Firm Name,2024-08-22,"Bullock, Burns and Stevens Ltd","Bullock, Burns and Stevens"
SalA092,Lead AM,2024-06-02,Sales AM 2,Sales AM 1
SalA093,Email Address,2024-11-13,"robert08@jones,evansandallen.org","robert08@jones,evansandallen.com"
SalA093,Firm Name,2024-10-24,"Jones, Evans and Allen Ltd","Jones, Evans and Allen"
SalA093,Lead AM,2024-12-24,Sales AM 2,Sales AM 1
SalA094,Email Address,2024-07-25,"kpeterson@ferguson,mooreandwalker.org","kpeterson@ferguson,mooreandwalker.com"
SalA094,Firm Name,2024-08-03,"Ferguson, Moore and Walker Ltd","Ferguson, Moore and Walker"
SalA094,Lead AM,2024-08-28,Sales AM 2,Sales AM 1
SalA095,Email Address,2024-07-04,"alicia78@james,millerandpineda.org","alicia78@james,millerandpineda.com"
SalA095,Firm Name,2024-11-10,"James, Miller and Pineda Ltd","James, Miller and Pineda"
SalA095,Lead AM,2024-12-12,Sales AM 2,Sales AM 1
SalA096,Email Address,2024-06-24,kyoung@nunez-nguyen.org,kyoung@nunez-nguyen.com
SalA096,Firm Name,2024-08-25,Nunez-Nguyen Ltd,Nunez-Nguyen
SalA096,Lead AM,2024-12-07,Sales AM 2,Sales AM 1
SalA097,Email Address,2024-07-28,bergerkenneth@woodsllc.org,bergerkenneth@woodsllc.com
SalA097,Firm Name,2024-07-01,Woods LLC Ltd,Woods LLC
SalA097,Lead AM,2024-07-26,Sales AM 2,Sales AM 1
SalA098,Email Address,2024-09-04,"nichole03@martin,carneyandtate.org","nichole03@martin,carneyandtate.com"
SalA098,Firm Name,2024-09-04,"Martin, Carney and Tate Ltd","Martin, Carney and Tate"
SalA098,Lead AM,2024-07-17,Sales AM 2,Sales AM 1
SalA001,Email Address,2024-12-14,catherinewilliams@leellc.org,catherinewilliams@leellc.com
SalA001,Firm Name,2024-11-20,Lee LLC Ltd,Lee LLC
SalA001,Lead AM,2024-07-21,Sales AM 1,Sales AM 2
SalA002,Email Address,2024-11-21,"christina05@campbell,hillandparrish.org","christina05@campbell,hillandparrish.com"
SalA002,Firm Name,2024-09-23,"Campbell, Hill and Parrish Ltd","Campbell, Hill and Parrish"
SalA002,Lead AM,2024-06-27,Sales AM 1,Sales AM 2
SalA003,Email Address,2024-11-15,doris66@franklingroup.org,doris66@franklingroup.com
SalA003,Firm Name,2024-10-26,Franklin Corp,Franklin Group
SalA003,Lead AM,2024-08-25,Sales AM 1,Sales AM 2
SalA004,Email Address,2024-07-18,zcampbell@hill-williams.org,zcampbell@hill-williams.com
SalA004,Firm Name,2024-07-06,Hill-Williams Ltd,Hill-Williams
SalA004,Lead AM,2024-06-07,Sales AM 1,Sales AM 2
SalA005,Email Address,2024-08-01,duane85@jackson-sanchez.org,duane85@jackson-sanchez.com
SalA005,Firm Name,2024-08-13,Jackson-Sanchez Ltd,Jackson-Sanchez
SalA005,Lead AM,2024-08-23,Sales AM 1,Sales AM 2
SalA006,Email Address,2024-10-20,hubbardtyler@caldwell-salinas.org,hubbardtyler@caldwell-salinas.com
SalA006,Firm Name,2024-11-07,Caldwell-Salinas Ltd,Caldwell-Salinas
SalA006,Lead AM,2024-12-10,Sales AM 1,Sales AM 2
SalA007,Email Address,2024-12-20,bradcurtis@long-molina.org,bradcurtis@long-molina.com
SalA007,Firm Name,2024-10-22,Long-Molina Ltd,Long-Molina
SalA007,Lead AM,2024-08-15,Sales AM 1,Sales AM 2
SalA008,Email Address,2024-10-24,joshuapark@murray-kirk.org,joshuapark@murray-kirk.com
SalA008,Firm Name,2024-06-28,Murray-Kirk Ltd,Murray-Kirk
SalA008,Lead AM,2024-10-06,Sales AM 1,Sales AM 2
SalA009,Email Address,2024-08-08,"scottjoyce@lopez,mooreandwilliamson.org","scottjoyce@lopez,mooreandwilliamson.com"
SalA009,Firm Name,2024-11-07,"Lopez, Moore and Williamson Ltd","Lopez, Moore and Williamson"
SalA009,Lead AM,2024-12-29,Sales AM 1,Sales AM 2
SalA010,Email Address,2024-11-23,nicholsonapril@nashplc.org,nicholsonapril@nashplc.com
SalA010,Firm Name,2024-12-23,Nash PLC Ltd,Nash PLC
SalA010,Lead AM,2024-09-07,Sales AM 1,Sales AM 2
SalA011,Email Address,2024-10-28,aaron93@cortez-howell.org,aaron93@cortez-howell.com
SalA011,Firm Name,2024-08-23,Cortez-Howell Ltd,Cortez-Howell
SalA011,Lead AM,2024-10-26,Sales AM 1,Sales AM 2
SalA012,Email Address,2024-08-21,"emilyrobinson@dunn,villarrealandcastro.org","emilyrobinson@dunn,villarrealandcastro.com"
SalA012,Firm Name,2024-11-14,"Dunn, Villarreal and Castro Ltd","Dunn, Villarreal and Castro"
SalA012,Lead AM,2024-08-11,Sales AM 1,Sales AM 2
SalA013,Email Address,2024-09-17,josephleach@ryan-rivera.org,josephleach@ryan-rivera.com
SalA013,Firm Name,2024-07-04,Ryan-Rivera Ltd,Ryan-Rivera
SalA013,Lead AM,2024-07-19,Sales AM 1,Sales AM 2
SalA014,Email Address,2024-12-15,jennifer85@jonesgroup.org,jennifer85@jonesgroup.com
SalA014,Firm Name,2024-12-23,Jones Corp,Jones Group
SalA014,Lead AM,2024-12-14,Sales AM 1,Sales AM 2
SalA015,Email Address,2024-08-29,"linelizabeth@richards,brooksandmarshall.org","linelizabeth@richards,brooksandmarshall.com"
SalA015,Firm Name,2024-09-09,"Richards, Brooks and Marshall Ltd","Richards, Brooks and Marshall"
SalA015,Lead AM,2024-10-06,Sales AM 1,Sales AM 2
SalA016,Email Address,2024-09-04,"colemanivan@cook,howardandrandall.org","colemanivan@cook,howardandrandall.com"
SalA016,Firm Name,2024-06-07,"Cook, Howard and Randall Ltd","Cook, Howard and Randall"
SalA016,Lead AM,2024-11-09,Sales AM 1,Sales AM 2
SalA017,Email Address,2024-11-23,ykim@ingraminc.org,ykim@ingraminc.com
SalA017,Firm Name,2024-06-24,Ingram Inc Ltd,Ingram Inc
SalA017,Lead AM,2024-06-11,Sales AM 1,Sales AM 2
SalA018,Email Address,2024-06-18,janet96@gibbsltd.org,janet96@gibbsltd.com
SalA018,Firm Name,2024-10-28,Gibbs Ltd Ltd,Gibbs Ltd
SalA018,Lead AM,2024-12-21,Sales AM 1,Sales AM 2
SalA019,Email Address,2024-06-24,"emorris@moore,jamesandgreen.org","emorris@moore,jamesandgreen.com"
SalA019,Firm Name,2024-09-18,"Moore, James and Green Ltd","Moore, James and Green"
SalA019,Lead AM,2024-11-09,Sales AM 1,Sales AM 2
SalA020,Email Address,2024-06-06,"amy39@powell,parkerandchavez.org","amy39@powell,parkerandchavez.com"
SalA020,Firm Name,2024-08-15,"Powell, Parker and Chavez Ltd","Powell, Parker and Chavez"
SalA020,Lead AM,2024-08-15,Sales AM 1,Sales AM 2
SalA021,Email Address,2024-06-24,"mccartyrichard@walton,websterandpatrick.org","mccartyrichard@walton,websterandpatrick.com"
SalA021,Firm Name,2024-07-21,"Walton, Webster and Patrick Ltd","Walton, Webster and Patrick"
SalA021,Lead AM,2024-09-24,Sales AM 1,Sales AM 2
SalA022,Email Address,2024-08-26,tina09@woodandsons.org,tina09@woodandsons.com
SalA022,Firm Name,2024-09-02,Wood and Sons Ltd,Wood and Sons
SalA022,Lead AM,2024-09-02,Sales AM 1,Sales AM 2
SalA023,Email Address,2024-06-13,"heather68@adams,rogersandwebb.org","heather68@adams,rogersandwebb.com"
SalA023,Firm Name,2024-07-30,"Adams, Rogers and Webb Ltd","Adams, Rogers and Webb"
SalA023,Lead AM,2024-08-01,Sales AM 1,Sales AM 2
SalA024,Email Address,2024-09-23,williamscarmen@fox-chen.org,williamscarmen@fox-chen.com
SalA024,Firm Name,2024-10-16,Fox-Chen Ltd,Fox-Chen
SalA024,Lead AM,2024-12-05,Sales AM 1,Sales AM 2
SalA025,Email Address,2024-08-26,"barrychapman@harrell,longandduran.org","barrychapman@harrell,longandduran.com"
SalA025,Firm Name,2024-06-17,"Harrell, Long and Duran Ltd","Harrell, Long and Duran"
SalA025,Lead AM,2024-08-19,Sales AM 1,Sales AM 2
SalA026,Email Address,2024-08-29,"james61@carson,peckandaguirre.org","james61@carson,peckandaguirre.com"
SalA026,Firm Name,2024-09-25,"Carson, Peck and Aguirre Ltd","Carson, Peck and Aguirre"
SalA026,Lead AM,2024-07-08,Sales AM 1,Sales AM 2
SalA027,Email Address,2024-06-23,robert84@martinez-harris.org,robert84@martinez-harris.com
SalA027,Firm Name,2024-09-24,Martinez-Harris Ltd,Martinez-Harris
SalA027,Lead AM,2024-07-18,Sales AM 1,Sales AM 2
SalA028,Email Address,2024-09-13,bradley42@mcdowell-steele.org,bradley42@mcdowell-steele.com
SalA028,Firm Name,2024-09-06,Mcdowell-Steele Ltd,Mcdowell-Steele
SalA028,Lead AM,2024-09-27,Sales AM 1,Sales AM 2
SalA029,Email Address,2024-11-27,jessicarobertson@rogers-castro.org,jessicarobertson@rogers-castro.com
SalA029,Firm Name,2024-10-19,Rogers-Castro Ltd,Rogers-Castro
SalA029,Lead AM,2024-07-01,Sales AM 1,Sales AM 2
SalA030,Email Address,2024-09-19,mmartinez@jonesplc.org,mmartinez@jonesplc.com
SalA030,Firm Name,2024-06-12,Jones PLC Ltd,Jones PLC
SalA030,Lead AM,2024-10-09,Sales AM 1,Sales AM 2
SalA031,Email Address,2024-12-08,bakerjared@pena-roberts.org,bakerjared@pena-roberts.com
SalA031,Firm Name,2024-11-16,Pena-Roberts Ltd,Pena-Roberts
SalA031,Lead AM,2024-08-06,Sales AM 1,Sales AM 2
SalA032,Email Address,2024-10-04,flynnjohn@hillltd.org,flynnjohn@hillltd.com
SalA032,Firm Name,2024-12-28,Hill Ltd Ltd,Hill Ltd
SalA032,Lead AM,2024-10-12,Sales AM 1,Sales AM 2
SalA033,Email Address,2024-10-24,iross@schneiderinc.org,iross@schneiderinc.com
SalA033,Firm Name,2024-07-03,Schneider Inc Ltd,Schneider Inc
SalA033,Lead AM,2024-12-22,Sales AM 1,Sales AM 2
SalA034,Email Address,2024-10-06,goconnor@long-johnson.org,goconnor@long-johnson.com
SalA034,Firm Name,2024-12-18,Long-Johnson Ltd,Long-Johnson
SalA034,Lead AM,2024-08-01,Sales AM 1,Sales AM 2
SalA035,Email Address,2024-12-07,"lisamarshall@ingram,gloverandroberts.org","lisamarshall@ingram,gloverandroberts.com"
SalA035,Firm Name,2024-10-29,"Ingram, Glover and Roberts Ltd","Ingram, Glover and Roberts"
SalA035,Lead AM,2024-07-24,Sales AM 1,Sales AM 2
SalA036,Email Address,2024-12-04,kevingarcia@williamsllc.org,kevingarcia@williamsllc.com
SalA036,Firm Name,2024-06-24,Williams LLC Ltd,Williams LLC
SalA036,Lead AM,2024-10-06,Sales AM 1,Sales AM 2
SalA037,Email Address,2024-07-17,earl91@anderson-watson.org,earl91@anderson-watson.com
SalA037,Firm Name,2024-08-06,Anderson-Watson Ltd,Anderson-Watson
SalA037,Lead AM,2024-10-28,Sales AM 1,Sales AM 2
SalA038,Email Address,2024-09-16,"milesbrett@bowen,pittsandhansen.org","milesbrett@bowen,pittsandhansen.com"
SalA038,Firm Name,2024-12-15,"Bowen, Pitts and Hansen Ltd","Bowen, Pitts and Hansen"
SalA038,Lead AM,2024-08-19,Sales AM 1,Sales AM 2
SalA039,Email Address,2024-07-02,"alexandriavalencia@mendez,tranandmiller.org","alexandriavalencia@mendez,tranandmiller.com"
SalA039,Firm Name,2024-12-25,"Mendez, Tran and Miller Ltd","Mendez, Tran and Miller"
SalA039,Lead AM,2024-12-06,Sales AM 1,Sales AM 2
SalA040,Email Address,2024-06-12,"jeffersoncathy@kim,sparksandmontgomery.org","jeffersoncathy@kim,sparksandmontgomery.com"
SalA040,Firm Name,2024-08-08,"Kim, Sparks and Montgomery Ltd","Kim, Sparks and Montgomery"
SalA040,Lead AM,2024-06-30,Sales AM 1,Sales AM 2
SalA041,Email Address,2024-08-27,kennedypaula@burgessandsons.org,kennedypaula@burgessandsons.com
SalA041,Firm Name,2024-12-27,Burgess and Sons Ltd,Burgess and Sons
SalA041,Lead AM,2024-07-18,Sales AM 1,Sales AM 2
SalA042,Email Address,2024-09-12,"boltonkendra@kemp,martinandwalker.org","boltonkendra@kemp,martinandwalker.com"
SalA042,Firm Name,2024-07-28,"Kemp, Martin and Walker Ltd","Kemp, Martin and Walker"
SalA042,Lead AM,2024-09-25,Sales AM 1,Sales AM 2
SalA043,Email Address,2024-06-19,"fgriffith@wells,lewisandjohnson.org","fgriffith@wells,lewisandjohnson.com"
SalA043,Firm Name,2024-11-24,"Wells, Lewis and Johnson Ltd","Wells, Lewis and Johnson"
SalA043,Lead AM,2024-10-11,Sales AM 1,Sales AM 2
SalA044,Email Address,2024-07-04,"llarsen@rowland,hernandezandarnold.org","llarsen@rowland,hernandezandarnold.com"
SalA044,Firm Name,2024-06-25,"Rowland, Hernandez and Arnold Ltd","Rowland, Hernandez and Arnold"
SalA044,Lead AM,2024-12-04,Sales AM 1,Sales AM 2
SalA045,Email Address,2024-07-11,"geoffrey61@adams,hoffmanandsims.org","geoffrey61@adams,hoffmanandsims.com"
SalA045,Firm Name,2024-06-19,"Adams, Hoffman and Sims Ltd","Adams, Hoffman and Sims"
SalA045,Lead AM,2024-09-12,Sales AM 1,Sales AM 2
SalA046,Email Address,2024-12-23,jonesmelissa@martinez-mcmahon.org,jonesmelissa@martinez-mcmahon.com
SalA046,Firm Name,2024-09-20,Martinez-Mcmahon Ltd,Martinez-Mcmahon
SalA046,Lead AM,2024-08-22,Sales AM 1,Sales AM 2
SalA047,Email Address,2024-09-26,billy40@wright-parker.org,billy40@wright-parker.com
SalA047,Firm Name,2024-10-28,Wright-Parker Ltd,Wright-Parker
SalA047,Lead AM,2024-09-29,Sales AM 1,Sales AM 2
SalA048,Email Address,2024-11-18,campbellpeggy@robinsonandsons.org,campbellpeggy@robinsonandsons.com
SalA048,Firm Name,2024-12-23,Robinson and Sons Ltd,Robinson and Sons
SalA048,Lead AM,2024-10-23,Sales AM 1,Sales AM 2
SalA049,Email Address,2024-10-30,julie27@taylor-erickson.org,julie27@taylor-erickson.com
SalA049,Firm Name,2024-07-25,Taylor-Erickson Ltd,Taylor-Erickson
SalA049,Lead AM,2024-08-17,Sales AM 1,Sales AM 2
SalA050,Email Address,2024-08-13,diane68@woods-anderson.org,diane68@woods-anderson.com
SalA050,Firm Name,2024-12-07,Woods-Anderson Ltd,Woods-Anderson
SalA050,Lead AM,2024-08-13,Sales AM 1,Sales AM 2
SalA051,Email Address,2024-10-24,jwalker@thomasplc.org,jwalker@thomasplc.com
SalA051,Firm Name,2024-12-17,Thomas PLC Ltd,Thomas PLC
SalA051,Lead AM,2024-06-09,Sales AM 1,Sales AM 2
SalA052,Email Address,2024-08-06,craig06@smith-cole.org,craig06@smith-cole.com
SalA052,Firm Name,2024-08-02,Smith-Cole Ltd,Smith-Cole
SalA052,Lead AM,2024-09-09,Sales AM 1,Sales AM 2
SalA053,Email Address,2024-10-24,"christina22@friedman,martinezandmeyers.org","christina22@friedman,martinezandmeyers.com"
SalA053,Firm Name,2024-09-03,"Friedman, Martinez and Meyers Ltd","Friedman, Martinez and Meyers"
SalA053,Lead AM,2024-09-01,Sales AM 1,Sales AM 2
SalA054,Email Address,2024-08-11,richardprice@jonesandsons.org,richardprice@jonesandsons.com
SalA054,Firm Name,2024-06-30,Jones and Sons Ltd,Jones and Sons
SalA054,Lead AM,2024-07-03,Sales AM 1,Sales AM 2
SalA055,Email Address,2024-10-16,lsutton@jacobsgroup.org,lsutton@jacobsgroup.com
SalA055,Firm Name,2024-10-08,Jacobs Corp,Jacobs Group
SalA055,Lead AM,2024-12-22,Sales AM 1,Sales AM 2
SalA056,Email Address,2024-12-23,jessicaelliott@fitzpatrick-smith.org,jessicaelliott@fitzpatrick-smith.com
SalA056,Firm Name,2024-12-09,Fitzpatrick-Smith Ltd,Fitzpatrick-Smith
SalA056,Lead AM,2024-10-20,Sales AM 1,Sales AM 2
SalA057,Email Address,2024-08-25,"xcarpenter@medina,greeneandthompson.org","xcarpenter@medina,greeneandthompson.com"
SalA057,Firm Name,2024-08-22,"Medina, Greene and Thompson Ltd","Medina, Greene and Thompson"
SalA057,Lead AM,2024-06-08,Sales AM 1,Sales AM 2
SalA058,Email Address,2024-10-13,"kellykatie@johnson,mooreandbrown.org","kellykatie@johnson,mooreandbrown.com"
SalA058,Firm Name,2024-09-15,"Johnson, Moore and Brown Ltd","Johnson, Moore and Brown"
SalA058,Lead AM,2024-09-07,Sales AM 1,Sales AM 2
SalA059,Email Address,2024-06-10,nataliecarter@strongltd.org,nataliecarter@strongltd.com
SalA059,Firm Name,2024-07-01,Strong Ltd Ltd,Strong Ltd
SalA059,Lead AM,2024-11-08,Sales AM 1,Sales AM 2
SalA060,Email Address,2024-10-15,holmesmary@johnson-silva.org,holmesmary@johnson-silva.com
SalA060,Firm Name,2024-10-01,Johnson-Silva Ltd,Johnson-Silva
SalA060,Lead AM,2024-09-07,Sales AM 1,Sales AM 2
SalA061,Email Address,2024-10-15,julie76@wood-frey.org,julie76@wood-frey.com
SalA061,Firm Name,2024-11-29,Wood-Frey Ltd,Wood-Frey
SalA061,Lead AM,2024-07-15,Sales AM 1,Sales AM 2
SalA062,Email Address,2024-08-30,tamarahernandez@mitchellandsons.org,tamarahernandez@mitchellandsons.com
SalA062,Firm Name,2024-08-04,Mitchell and Sons Ltd,Mitchell and Sons
SalA062,Lead AM,2024-08-14,Sales AM 1,Sales AM 2
SalA063,Email Address,2024-07-25,"ashley99@wolf,skinnerandbarrera.org","ashley99@wolf,skinnerandbarrera.com"
SalA063,Firm Name,2024-09-03,"Wolf, Skinner and Barrera Ltd","Wolf, Skinner and Barrera"
SalA063,Lead AM,2024-12-15,Sales AM 1,Sales AM 2
SalA064,Email Address,2024-09-12,"lauren40@james,lynnandoneill.org","lauren40@james,lynnandoneill.com"
SalA064,Firm Name,2024-09-22,"James, Lynn and Oneill Ltd","James, Lynn and Oneill"
SalA064,Lead AM,2024-06-02,Sales AM 1,Sales AM 2
SalA065,Email Address,2024-06-09,"nrose@gordon,wintersandgomez.org","nrose@gordon,wintersandgomez.com"
SalA065,Firm Name,2024-10-02,"Gordon, Winters and Gomez Ltd","Gordon, Winters and Gomez"
SalA065,Lead AM,2024-06-02,Sales AM 1,Sales AM 2
SalA066,Email Address,2024-08-17,dpineda@gonzalez-fields.org,dpineda@gonzalez-fields.com
SalA066,Firm Name,2024-10-30,Gonzalez-Fields Ltd,Gonzalez-Fields
SalA066,Lead AM,2024-09-17,Sales AM 1,Sales AM 2
SalA067,Email Address,2024-12-23,jennifergutierrez@anderson-clark.org,jennifergutierrez@anderson-clark.com
SalA067,Firm Name,2024-12-26,Anderson-Clark Ltd,Anderson-Clark
SalA067,Lead AM,2024-11-04,Sales AM 1,Sales AM 2
SalA068,Email Address,2024-08-28,feliciakennedy@simon-morales.org,feliciakennedy@simon-morales.com
SalA068,Firm Name,2024-12-28,Simon-Morales Ltd,Simon-Morales
SalA068,Lead AM,2024-09-23,Sales AM 1,Sales AM 2
SalA069,Email Address,2024-08-28,"vasquezerica@strong,gonzalezandmorales.org","vasquezerica@strong,gonzalezandmorales.com"
SalA069,Firm Name,2024-10-05,"Strong, Gonzalez and Morales Ltd","Strong, Gonzalez and Morales"
SalA069,Lead AM,2024-07-18,Sales AM 1,Sales AM 2
SalA070,Email Address,2024-11-10,"debbiefisher@morgan,richardsonandmccoy.org","debbiefisher@morgan,richardsonandmccoy.com"
SalA070,Firm Name,2024-09-28,"Morgan, Richardson and Mccoy Ltd","Morgan, Richardson and Mccoy"
SalA070,Lead AM,2024-10-13,Sales AM 1,Sales AM 2
SalA071,Email Address,2024-07-14,dmurray@rollins-gray.org,dmurray@rollins-gray.com
SalA071,Firm Name,2024-12-16,Rollins-Gray Ltd,Rollins-Gray
SalA071,Lead AM,2024-11-28,Sales AM 1,Sales AM 2
SalA072,Email Address,2024-09-04,"christina76@taylor,cookandwilliams.org","christina76@taylor,cookandwilliams.com"
SalA072,Firm Name,2024-06-03,"Taylor, Cook and Williams Ltd","Taylor, Cook and Williams"
SalA072,Lead AM,2024-07-10,Sales AM 1,Sales AM 2
SalA001,Email Address,2024-07-08,"davischristine@garcia,paceandyoung.org","davischristine@garcia,paceandyoung.com"
SalA001,Firm Name,2024-06-30,"Garcia, Pace and Young Ltd","Garcia, Pace and Young"
SalA001,Lead AM,2024-07-19,Sales AM 1,Sales AM 3
SalA002,Email Address,2024-11-18,"patricia25@gordon,webbandrichardson.org","patricia25@gordon,webbandrichardson.com"
SalA002,Firm Name,2024-12-12,"Gordon, Webb and Richardson Ltd","Gordon, Webb and Richardson"
SalA002,Lead AM,2024-10-24,Sales AM 1,Sales AM 3
SalA003,Email Address,2024-11-17,"xrodriguez@miller,watsonandberg.org","xrodriguez@miller,watsonandberg.com"
SalA003,Firm Name,2024-11-03,"Miller, Watson and Berg Ltd","Miller, Watson and Berg"
SalA003,Lead AM,2024-09-19,Sales AM 1,Sales AM 3
SalA004,Email Address,2024-10-19,"rcampbell@ross,yatesandnelson.org","rcampbell@ross,yatesandnelson.com"
SalA004,Firm Name,2024-09-15,"Ross, Yates and Nelson Ltd","Ross, Yates and Nelson"
SalA004,Lead AM,2024-06-30,Sales AM 1,Sales AM 3
SalA005,Email Address,2024-10-16,wilsonapril@lynchllc.org,wilsonapril@lynchllc.com
SalA005,Firm Name,2024-11-23,Lynch LLC Ltd,Lynch LLC
SalA005,Lead AM,2024-08-17,Sales AM 1,Sales AM 3
SalA006,Email Address,2024-11-04,"jamierandall@mendez,tuckerandwalters.org","jamierandall@mendez,tuckerandwalters.com"
SalA006,Firm Name,2024-11-24,"Mendez, Tucker and Walters Ltd","Mendez, Tucker and Walters"
SalA006,Lead AM,2024-07-11,Sales AM 1,Sales AM 3
SalA007,Email Address,2024-11-03,ruizrichard@collinsllc.org,ruizrichard@collinsllc.com
SalA007,Firm Name,2024-11-19,Collins LLC Ltd,Collins LLC
SalA007,Lead AM,2024-10-28,Sales AM 1,Sales AM 3
SalA008,Email Address,2024-11-03,toniaustin@lee-wu.org,toniaustin@lee-wu.com
SalA008,Firm Name,2024-07-09,Lee-Wu Ltd,Lee-Wu
SalA008,Lead AM,2024-10-19,Sales AM 1,Sales AM 3
SalA009,Email Address,2024-12-12,pcoleman@hess-marsh.org,pcoleman@hess-marsh.com
SalA009,Firm Name,2024-11-01,Hess-Marsh Ltd,Hess-Marsh
SalA009,Lead AM,2024-10-26,Sales AM 1,Sales AM 3
SalA010,Email Address,2024-12-21,"eparker@ali,whiteandkim.org","eparker@ali,whiteandkim.com"
SalA010,Firm Name,2024-06-21,"Ali, White and Kim Ltd","Ali, White and Kim"
SalA010,Lead AM,2024-08-04,Sales AM 1,Sales AM 3
SalA011,Email Address,2024-10-31,michaelhernandez@donaldsonandsons.org,michaelhernandez@donaldsonandsons.com
SalA011,Firm Name,2024-10-07,Donaldson and Sons Ltd,Donaldson and Sons
SalA011,Lead AM,2024-06-15,Sales AM 1,Sales AM 3
SalA012,Email Address,2024-07-23,brittneywashington@osborne-howard.org,brittneywashington@osborne-howard.com
SalA012,Firm Name,2024-10-19,Osborne-Howard Ltd,Osborne-Howard
SalA012,Lead AM,2024-09-02,Sales AM 1,Sales AM 3
SalA013,Email Address,2024-10-01,davidnichols@bell-montes.org,davidnichols@bell-montes.com
SalA013,Firm Name,2024-07-08,Bell-Montes Ltd,Bell-Montes
SalA013,Lead AM,2024-07-14,Sales AM 1,Sales AM 3
SalA014,Email Address,2024-09-24,"barajasbenjamin@donaldson,martinandbarton.org","barajasbenjamin@donaldson,martinandbarton.com"
SalA014,Firm Name,2024-12-02,"Donaldson, Martin and Barton Ltd","Donaldson, Martin and Barton"
SalA014,Lead AM,2024-12-04,Sales AM 1,Sales AM 3
SalA015,Email Address,2024-11-09,"mstanley@day,garciaandwilson.org","mstanley@day,garciaandwilson.com"
SalA015,Firm Name,2024-07-22,"Day, Garcia and Wilson Ltd","Day, Garcia and Wilson"
SalA015,Lead AM,2024-08-12,Sales AM 1,Sales AM 3
SalA016,Email Address,2024-11-21,mallorybarajas@forbes-brooks.org,mallorybarajas@forbes-brooks.com
SalA016,Firm Name,2024-09-30,Forbes-Brooks Ltd,Forbes-Brooks
SalA016,Lead AM,2024-11-30,Sales AM 1,Sales AM 3
SalA017,Email Address,2024-06-28,michaelbenjamin@young-evans.org,michaelbenjamin@young-evans.com
SalA017,Firm Name,2024-12-08,Young-Evans Ltd,Young-Evans
SalA017,Lead AM,2024-06-14,Sales AM 1,Sales AM 3
SalA018,Email Address,2024-10-07,gabriellatownsend@floresandsons.org,gabriellatownsend@floresandsons.com
SalA018,Firm Name,2024-10-10,Flores and Sons Ltd,Flores and Sons
SalA018,Lead AM,2024-12-18,Sales AM 1,Sales AM 3
SalA019,Email Address,2024-12-20,taylor76@smithandsons.org,taylor76@smithandsons.com
SalA019,Firm Name,2024-06-02,Smith and Sons Ltd,Smith and Sons
SalA019,Lead AM,2024-12-17,Sales AM 1,Sales AM 3
SalA020,Email Address,2024-06-05,reedmichelle@ramirezllc.org,reedmichelle@ramirezllc.com
SalA020,Firm Name,2024-10-10,Ramirez LLC Ltd,Ramirez LLC
SalA020,Lead AM,2024-06-07,Sales AM 1,Sales AM 3
SalA021,Email Address,2024-12-21,"bsimpson@woods,jacobsandbeard.org","bsimpson@woods,jacobsandbeard.com"
SalA021,Firm Name,2024-08-03,"Woods, Jacobs and Beard Ltd","Woods, Jacobs and Beard"
SalA021,Lead AM,2024-06-13,Sales AM 1,Sales AM 3
SalA022,Email Address,2024-10-16,vmartinez@boydllc.org,vmartinez@boydllc.com
SalA022,Firm Name,2024-06-17,Boyd LLC Ltd,Boyd LLC
SalA022,Lead AM,2024-08-04,Sales AM 1,Sales AM 3
SalA023,Email Address,2024-07-06,jordan57@robinsonandsons.org,jordan57@robinsonandsons.com
SalA023,Firm Name,2024-06-13,Robinson and Sons Ltd,Robinson and Sons
SalA023,Lead AM,2024-08-01,Sales AM 1,Sales AM 3
SalA024,Email Address,2024-07-28,"nnunez@peterson,hermanandmiller.org","nnunez@peterson,hermanandmiller.com"
SalA024,Firm Name,2024-06-27,"Peterson, Herman and Miller Ltd","Peterson, Herman and Miller"
SalA024,Lead AM,2024-06-29,Sales AM 1,Sales AM 3
SalA025,Email Address,2024-10-18,"gillchristian@cowan,mooreandgarcia.org","gillchristian@cowan,mooreandgarcia.com"
SalA025,Firm Name,2024-07-11,"Cowan, Moore and Garcia Ltd","Cowan, Moore and Garcia"
SalA025,Lead AM,2024-12-21,Sales AM 1,Sales AM 3
SalA026,Email Address,2024-09-04,"ruizkristi@martinez,davisandmoore.org","ruizkristi@martinez,davisandmoore.com"
SalA026,Firm Name,2024-10-24,"Martinez, Davis and Moore Ltd","Martinez, Davis and Moore"
SalA026,Lead AM,2024-09-27,Sales AM 1,Sales AM 3
SalA027,Email Address,2024-11-19,"rbrown@saunders,kellyandweber.org","rbrown@saunders,kellyandweber.com"
SalA027,Firm Name,2024-08-28,"Saunders, Kelly and Weber Ltd","Saunders, Kelly and Weber"
SalA027,Lead AM,2024-12-09,Sales AM 1,Sales AM 3
SalA028,Email Address,2024-12-09,velezedward@dean-mcmillan.org,velezedward@dean-mcmillan.com
SalA028,Firm Name,2024-12-17,Dean-Mcmillan Ltd,Dean-Mcmillan
SalA028,Lead AM,2024-08-04,Sales AM 1,Sales AM 3
SalA029,Email Address,2024-08-17,thomasfitzpatrick@williamsandsons.org,thomasfitzpatrick@williamsandsons.com
SalA029,Firm Name,2024-08-09,Williams and Sons Ltd,Williams and Sons
SalA029,Lead AM,2024-07-02,Sales AM 1,Sales AM 3
SalA030,Email Address,2024-08-11,ediaz@leeltd.org,ediaz@leeltd.com
SalA030,Firm Name,2024-10-05,Lee Ltd Ltd,Lee Ltd
SalA030,Lead AM,2024-08-19,Sales AM 1,Sales AM 3
SalA031,Email Address,2024-11-20,wallaceheidi@jones-warren.org,wallaceheidi@jones-warren.com
SalA031,Firm Name,2024-12-13,Jones-Warren Ltd,Jones-Warren
SalA031,Lead AM,2024-11-04,Sales AM 1,Sales AM 3
SalA032,Email Address,2024-12-21,"paula73@dudley,valdezandwarren.org","paula73@dudley,valdezandwarren.com"
SalA032,Firm Name,2024-08-28,"Dudley, Valdez and Warren Ltd","Dudley, Valdez and Warren"
SalA032,Lead AM,2024-06-12,Sales AM 1,Sales AM 3
SalA033,Email Address,2024-09-03,"kthomas@johnson,hernandezandrowe.org","kthomas@johnson,hernandezandrowe.com"
SalA033,Firm Name,2024-11-12,"Johnson, Hernandez and Rowe Ltd","Johnson, Hernandez and Rowe"
SalA033,Lead AM,2024-11-26,Sales AM 1,Sales AM 3
SalA034,Email Address,2024-07-16,"laura68@allen,cummingsandmercer.org","laura68@allen,cummingsandmercer.com"
SalA034,Firm Name,2024-09-17,"Allen, Cummings and Mercer Ltd","Allen, Cummings and Mercer"
SalA034,Lead AM,2024-07-21,Sales AM 1,Sales AM 3
SalA035,Email Address,2024-11-15,"jacobbrock@gray,gilbertanddelgado.org","jacobbrock@gray,gilbertanddelgado.com"
SalA035,Firm Name,2024-06-20,"Gray, Gilbert and Delgado Ltd","Gray, Gilbert and Delgado"
SalA035,Lead AM,2024-11-03,Sales AM 1,Sales AM 3
SalA036,Email Address,2024-09-14,"bdavis@perkins,woodandking.org","bdavis@perkins,woodandking.com"
SalA036,Firm Name,2024-09-13,"Perkins, Wood and King Ltd","Perkins, Wood and King"
SalA036,Lead AM,2024-08-26,Sales AM 1,Sales AM 3
SalA037,Email Address,2024-10-23,kyle39@kane-steele.org,kyle39@kane-steele.com
SalA037,Firm Name,2024-11-26,Kane-Steele Ltd,Kane-Steele
SalA037,Lead AM,2024-11-12,Sales AM 1,Sales AM 3
SalA038,Email Address,2024-07-18,kristen09@graygroup.org,kristen09@graygroup.com
SalA038,Firm Name,2024-12-16,Gray Corp,Gray Group
SalA038,Lead AM,2024-09-15,Sales AM 1,Sales AM 3
SalA039,Email Address,2024-06-08,caitlinhill@christensen-brown.org,caitlinhill@christensen-brown.com
SalA039,Firm Name,2024-06-16,Christensen-Brown Ltd,Christensen-Brown
SalA039,Lead AM,2024-08-28,Sales AM 1,Sales AM 3
SalA040,Email Address,2024-07-16,vcharles@guzman-cook.org,vcharles@guzman-cook.com
SalA040,Firm Name,2024-06-17,Guzman-Cook Ltd,Guzman-Cook
SalA040,Lead AM,2024-09-27,Sales AM 1,Sales AM 3
SalA041,Email Address,2024-11-24,longkimberly@roberts-campbell.org,longkimberly@roberts-campbell.com
SalA041,Firm Name,2024-10-20,Roberts-Campbell Ltd,Roberts-Campbell
SalA041,Lead AM,2024-09-15,Sales AM 1,Sales AM 3
SalA042,Email Address,2024-12-13,"stephanie05@chan,jamesandlawson.org","stephanie05@chan,jamesandlawson.com"
SalA042,Firm Name,2024-09-26,"Chan, James and Lawson Ltd","Chan, James and Lawson"
SalA042,Lead AM,2024-12-20,Sales AM 1,Sales AM 3
SalA043,Email Address,2024-09-30,"mariacollins@patterson,yatesandfox.org","mariacollins@patterson,yatesandfox.com"
SalA043,Firm Name,2024-09-12,"Patterson, Yates and Fox Ltd","Patterson, Yates and Fox"
SalA043,Lead AM,2024-07-13,Sales AM 1,Sales AM 3
SalA044,Email Address,2024-09-15,"daniel44@harris,woodsandjones.org","daniel44@harris,woodsandjones.com"
SalA044,Firm Name,2024-07-15,"Harris, Woods and Jones Ltd","Harris, Woods and Jones"
SalA044,Lead AM,2024-09-21,Sales AM 1,Sales AM 3
SalA045,Email Address,2024-06-01,stefanierice@huntandsons.org,stefanierice@huntandsons.com
SalA045,Firm Name,2024-09-08,Hunt and Sons Ltd,Hunt and Sons
SalA045,Lead AM,2024-11-02,Sales AM 1,Sales AM 3
SalA046,Email Address,2024-12-23,karafuentes@williamsplc.org,karafuentes@williamsplc.com
SalA046,Firm Name,2024-07-22,Williams PLC Ltd,Williams PLC
SalA046,Lead AM,2024-11-22,Sales AM 1,Sales AM 3
SalA047,Email Address,2024-07-09,michaelromero@morris-ryan.org,michaelromero@morris-ryan.com
SalA047,Firm Name,2024-08-18,Morris-Ryan Ltd,Morris-Ryan
SalA047,Lead AM,2024-08-19,Sales AM 1,Sales AM 3
SalA048,Email Address,2024-09-03,"hector56@hale,lopezandcarter.org","hector56@hale,lopezandcarter.com"
SalA048,Firm Name,2024-09-06,"Hale, Lopez and Carter Ltd","Hale, Lopez and Carter"
SalA048,Lead AM,2024-12-18,Sales AM 1,Sales AM 3
SalA049,Email Address,2024-06-24,ryan57@patelinc.org,ryan57@patelinc.com
SalA049,Firm Name,2024-09-18,Patel Inc Ltd,Patel Inc
SalA049,Lead AM,2024-09-24,Sales AM 1,Sales AM 3
SalA050,Email Address,2024-11-26,gary92@camachoinc.org,gary92@camachoinc.com
SalA050,Firm Name,2024-06-10,Camacho Inc Ltd,Camacho Inc
SalA050,Lead AM,2024-07-29,Sales AM 1,Sales AM 3
SalA051,Email Address,2024-12-25,stewartmegan@gamblellc.org,stewartmegan@gamblellc.com
SalA051,Firm Name,2024-11-20,Gamble LLC Ltd,Gamble LLC
SalA051,Lead AM,2024-12-16,Sales AM 1,Sales AM 3
SalA052,Email Address,2024-07-14,"bowerskimberly@harrell,wongandwilliams.org","bowerskimberly@harrell,wongandwilliams.com"
SalA052,Firm Name,2024-09-07,"Harrell, Wong and Williams Ltd","Harrell, Wong and Williams"
SalA052,Lead AM,2024-07-14,Sales AM 1,Sales AM 3
SalA053,Email Address,2024-06-26,gilesnicole@gonzalezltd.org,gilesnicole@gonzalezltd.com
SalA053,Firm Name,2024-12-06,Gonzalez Ltd Ltd,Gonzalez Ltd
SalA053,Lead AM,2024-06-09,Sales AM 1,Sales AM 3
SalA054,Email Address,2024-07-02,"shawlance@rodriguez,taylorandmeyers.org","shawlance@rodriguez,taylorandmeyers.com"
SalA054,Firm Name,2024-06-05,"Rodriguez, Taylor and Meyers Ltd","Rodriguez, Taylor and Meyers"
SalA054,Lead AM,2024-10-04,Sales AM 1,Sales AM 3
SalA055,Email Address,2024-07-31,"kreed@wright,mannandcook.org","kreed@wright,mannandcook.com"
SalA055,Firm Name,2024-10-22,"Wright, Mann and Cook Ltd","Wright, Mann and Cook"
SalA055,Lead AM,2024-10-11,Sales AM 1,Sales AM 3
SalA056,Email Address,2024-07-28,"hobrien@jenkins,robinsonandduran.org","hobrien@jenkins,robinsonandduran.com"
SalA056,Firm Name,2024-09-02,"Jenkins, Robinson and Duran Ltd","Jenkins, Robinson and Duran"
SalA056,Lead AM,2024-10-14,Sales AM 1,Sales AM 3
SalA057,Email Address,2024-12-03,bairdpeter@mcdanielltd.org,bairdpeter@mcdanielltd.com
SalA057,Firm Name,2024-08-20,Mcdaniel Ltd Ltd,Mcdaniel Ltd
SalA057,Lead AM,2024-06-12,Sales AM 1,Sales AM 3
SalA058,Email Address,2024-06-07,reginaschmidt@hawkinsplc.org,reginaschmidt@hawkinsplc.com
SalA058,Firm Name,2024-12-28,Hawkins PLC Ltd,Hawkins PLC
SalA058,Lead AM,2024-07-13,Sales AM 1,Sales AM 3
SalA059,Email Address,2024-12-11,jonathan23@chunggroup.org,jonathan23@chunggroup.com
SalA059,Firm Name,2024-08-16,Chung Corp,Chung Group
SalA059,Lead AM,2024-06-16,Sales AM 1,Sales AM 3
SalA060,Email Address,2024-12-02,nhooper@garcia-turner.org,nhooper@garcia-turner.com
SalA060,Firm Name,2024-11-13,Garcia-Turner Ltd,Garcia-Turner
SalA060,Lead AM,2024-09-30,Sales AM 1,Sales AM 3
SalA061,Email Address,2024-09-13,staciemartinez@richardsplc.org,staciemartinez@richardsplc.com
SalA061,Firm Name,2024-08-14,Richards PLC Ltd,Richards PLC
SalA061,Lead AM,2024-10-21,Sales AM 1,Sales AM 3
SalA062,Email Address,2024-08-08,qwilliams@price-martinez.org,qwilliams@price-martinez.com
SalA062,Firm Name,2024-06-22,Price-Martinez Ltd,Price-Martinez
SalA062,Lead AM,2024-10-31,Sales AM 1,Sales AM 3
SalA063,Email Address,2024-08-02,nhartman@garrett-campbell.org,nhartman@garrett-campbell.com
SalA063,Firm Name,2024-06-11,Garrett-Campbell Ltd,Garrett-Campbell
SalA063,Lead AM,2024-09-07,Sales AM 1,Sales AM 3
SalA064,Email Address,2024-12-19,lcooper@johnson-wright.org,lcooper@johnson-wright.com
SalA064,Firm Name,2024-08-11,Johnson-Wright Ltd,Johnson-Wright
SalA064,Lead AM,2024-10-13,Sales AM 1,Sales AM 3
SalA065,Email Address,2024-12-22,ericduncan@levyinc.org,ericduncan@levyinc.com
SalA065,Firm Name,2024-12-22,Levy Inc Ltd,Levy Inc
SalA065,Lead AM,2024-11-17,Sales AM 1,Sales AM 3
SalA066,Email Address,2024-09-22,ernestflores@ortiz-thomas.org,ernestflores@ortiz-thomas.com
SalA066,Firm Name,2024-07-05,Ortiz-Thomas Ltd,Ortiz-Thomas
SalA066,Lead AM,2024-12-24,Sales AM 1,Sales AM 3
SalA067,Email Address,2024-10-13,"kbarker@johnson,krauseandelliott.org","kbarker@johnson,krauseandelliott.com"
SalA067,Firm Name,2024-12-09,"Johnson, Krause and Elliott Ltd","Johnson, Krause and Elliott"
SalA067,Lead AM,2024-08-17,Sales AM 1,Sales AM 3
SalA068,Email Address,2024-08-29,ramirezheather@wilsonplc.org,ramirezheather@wilsonplc.com
SalA068,Firm Name,2024-06-24,Wilson PLC Ltd,Wilson PLC
SalA068,Lead AM,2024-08-04,Sales AM 1,Sales AM 3
SalA069,Email Address,2024-07-14,angelsheppard@forbesltd.org,angelsheppard@forbesltd.com
SalA069,Firm Name,2024-07-03,Forbes Ltd Ltd,Forbes Ltd
SalA069,Lead AM,2024-08-27,Sales AM 1,Sales AM 3
SalA070,Email Address,2024-07-11,oprice@olsenltd.org,oprice@olsenltd.com
SalA070,Firm Name,2024-06-13,Olsen Ltd Ltd,Olsen Ltd
SalA070,Lead AM,2024-08-14,Sales AM 1,Sales AM 3
SalA071,Email Address,2024-10-20,danielpruitt@danielsltd.org,danielpruitt@danielsltd.com
SalA071,Firm Name,2024-10-26,Daniels Ltd Ltd,Daniels Ltd
SalA071,Lead AM,2024-12-08,Sales AM 1,Sales AM 3
SalA072,Email Address,2024-07-05,leonardpotter@henderson-rodriguez.org,leonardpotter@henderson-rodriguez.com
SalA072,Firm Name,2024-11-23,Henderson-Rodriguez Ltd,Henderson-Rodriguez
SalA072,Lead AM,2024-08-05,Sales AM 1,Sales AM 3
SalA073,Email Address,2024-07-01,"donnamclaughlin@young,taylorandharris.org","donnamclaughlin@young,taylorandharris.com"
SalA073,Firm Name,2024-12-08,"Young, Taylor and Harris Ltd","Young, Taylor and Harris"
SalA073,Lead AM,2024-11-24,Sales AM 1,Sales AM 3
SalA074,Email Address,2024-07-17,marc69@dickerson-krueger.org,marc69@dickerson-krueger.com
SalA074,Firm Name,2024-06-20,Dickerson-Krueger Ltd,Dickerson-Krueger
SalA074,Lead AM,2024-08-30,Sales AM 1,Sales AM 3
SalA075,Email Address,2024-12-12,"roydebra@lloyd,marshallandadams.org","roydebra@lloyd,marshallandadams.com"
SalA075,Firm Name,2024-12-05,"Lloyd, Marshall and Adams Ltd","Lloyd, Marshall and Adams"
SalA075,Lead AM,2024-07-01,Sales AM 1,Sales AM 3
SalA076,Email Address,2024-10-22,reedjoseph@peckplc.org,reedjoseph@peckplc.com
SalA076,Firm Name,2024-06-13,Peck PLC Ltd,Peck PLC
SalA076,Lead AM,2024-08-26,Sales AM 1,Sales AM 3
SalA077,Email Address,2024-08-17,"elijahmorgan@tucker,myersandyang.org","elijahmorgan@tucker,myersandyang.com"
SalA077,Firm Name,2024-07-13,"Tucker, Myers and Yang Ltd","Tucker, Myers and Yang"
SalA077,Lead AM,2024-11-26,Sales AM 1,Sales AM 3
SalA078,Email Address,2024-08-13,"christophersmith@smith,mendozaandkelly.org","christophersmith@smith,mendozaandkelly.com"
SalA078,Firm Name,2024-07-12,"Smith, Mendoza and Kelly Ltd","Smith, Mendoza and Kelly"
SalA078,Lead AM,2024-12-21,Sales AM 1,Sales AM 3
SalA079,Email Address,2024-11-16,"nathan25@lozano,floresandneal.org","nathan25@lozano,floresandneal.com"
SalA079,Firm Name,2024-09-17,"Lozano, Flores and Neal Ltd","Lozano, Flores and Neal"
SalA079,Lead AM,2024-08-21,Sales AM 1,Sales AM 3
